family,L,instances,lever,values,mean,min,max,per_event_density,kind
meter,50,6,band_crossings,8/10/5/10/8/8,8.17,5,10,0.1633,drawn
meter,50,6,late_fees,4/12/11/13/4/6,8.33,4,13,0.1667,drawn
meter,50,6,near_debt,2/5/3/1/1/1,2.17,1,5,0.0433,drawn
meter,50,6,suspensions,3/7/3/4/2/2,3.50,2,7,0.0700,drawn
meter,100,6,band_crossings,16/20/19/19/18/16,18.00,16,20,0.1800,drawn
meter,100,6,late_fees,38/18/29/45/37/24,31.83,18,45,0.3183,drawn
meter,100,6,near_debt,3/3/4/5/3/4,3.67,3,5,0.0367,drawn
meter,100,6,suspensions,6/8/8/8/8/5,7.17,5,8,0.0717,drawn
meter,200,6,band_crossings,40/33/35/37/37/36,36.33,33,40,0.1817,drawn
meter,200,6,late_fees,59/52/55/69/40/67,57.00,40,69,0.2850,drawn
meter,200,6,near_debt,6/5/5/6/3/5,5.00,3,6,0.0250,drawn
meter,200,6,suspensions,10/10/13/14/10/15,12.00,10,15,0.0600,drawn
meter,400,6,band_crossings,84/76/70/75/70/70,74.17,70,84,0.1854,drawn
meter,400,6,late_fees,169/91/90/104/120/95,111.50,90,169,0.2787,drawn
meter,400,6,near_debt,10/10/3/9/11/14,9.50,3,14,0.0238,drawn
meter,400,6,suspensions,27/21/17/22/27/21,22.50,17,27,0.0563,drawn
dropzero,50,6,accepted_reversals,4/5/5/3/3/4,4.00,3,5,0.0800,drawn
dropzero,50,6,frozen,4/2/4/5/1/2,3.00,1,5,0.0600,drawn
dropzero,50,6,interest_applied,2/2/2/2/2/2,2.00,2,2,0.0400,scheduled
dropzero,50,6,invalid_reversals,3/1/3/5/1/1,2.33,1,5,0.0467,drawn
dropzero,50,6,rejection_count,23/21/24/29/18/18,22.17,18,29,0.4433,drawn
dropzero,50,6,tier_boundary_transfers,1/1/0/0/4/0,1.00,0,4,0.0200,drawn
dropzero,50,6,tight_margins,7/5/4/4/4/6,5.00,4,7,0.1000,drawn
dropzero,50,6,zero_pairs,1/1/1/1/1/1,1.00,1,1,0.0200,scheduled
dropzero,100,6,accepted_reversals,7/9/8/10/10/12,9.33,7,12,0.0933,drawn
dropzero,100,6,frozen,6/5/6/7/4/4,5.33,4,7,0.0533,drawn
dropzero,100,6,interest_applied,2/2/2/2/2/2,2.00,2,2,0.0200,scheduled
dropzero,100,6,invalid_reversals,4/5/8/9/3/3,5.33,3,9,0.0533,drawn
dropzero,100,6,rejection_count,54/52/56/53/37/35,47.83,35,56,0.4783,drawn
dropzero,100,6,tier_boundary_transfers,0/1/0/1/1/1,0.67,0,1,0.0067,drawn
dropzero,100,6,tight_margins,5/5/7/7/7/5,6.00,5,7,0.0600,drawn
dropzero,100,6,zero_pairs,2/2/2/2/2/2,2.00,2,2,0.0200,scheduled
dropzero,200,6,accepted_reversals,18/14/9/20/18/15,15.67,9,20,0.0783,drawn
dropzero,200,6,frozen,12/10/16/11/10/12,11.83,10,16,0.0592,drawn
dropzero,200,6,interest_applied,5/5/5/5/5/5,5.00,5,5,0.0250,scheduled
dropzero,200,6,invalid_reversals,11/6/17/6/4/13,9.50,4,17,0.0475,drawn
dropzero,200,6,rejection_count,105/102/129/83/91/99,101.50,83,129,0.5075,drawn
dropzero,200,6,tier_boundary_transfers,2/2/3/2/2/4,2.50,2,4,0.0125,drawn
dropzero,200,6,tight_margins,12/14/10/11/14/10,11.83,10,14,0.0592,drawn
dropzero,200,6,zero_pairs,5/5/5/5/5/5,5.00,5,5,0.0250,scheduled
dropzero,400,6,accepted_reversals,32/23/30/33/35/31,30.67,23,35,0.0767,drawn
dropzero,400,6,frozen,26/27/23/25/22/21,24.00,21,27,0.0600,drawn
dropzero,400,6,interest_applied,10/10/10/10/10/10,10.00,10,10,0.0250,scheduled
dropzero,400,6,invalid_reversals,14/19/17/14/16/15,15.83,14,19,0.0396,drawn
dropzero,400,6,rejection_count,178/207/206/189/163/185,188.00,163,207,0.4700,drawn
dropzero,400,6,tier_boundary_transfers,10/6/1/2/10/5,5.67,1,10,0.0142,drawn
dropzero,400,6,tight_margins,24/20/22/24/22/27,23.17,20,27,0.0579,drawn
dropzero,400,6,zero_pairs,10/10/10/10/10/10,10.00,10,10,0.0250,scheduled
payroll,25,3,bonus_awards,1/1/1,1.00,1,1,0.0400,scheduled
payroll,25,3,bonus_revokes,1/1/1,1.00,1,1,0.0400,scheduled
payroll,25,3,corrections,3/4/3,3.33,3,4,0.1333,drawn
payroll,25,3,flagged,2/1/1,1.33,1,2,0.0533,drawn
payroll,25,3,near_45,2/3/3,2.67,2,3,0.1067,drawn
payroll,25,3,pto_rejections,5/5/6,5.33,5,6,0.2133,drawn
payroll,25,3,tight_pto,3/3/3,3.00,3,3,0.1200,scheduled
payroll,50,3,bonus_awards,2/1/2,1.67,1,2,0.0333,drawn
payroll,50,3,bonus_revokes,1/1/1,1.00,1,1,0.0200,scheduled
payroll,50,3,corrections,8/7/10,8.33,7,10,0.1667,drawn
payroll,50,3,flagged,3/1/1,1.67,1,3,0.0333,drawn
payroll,50,3,near_45,3/2/3,2.67,2,3,0.0533,drawn
payroll,50,3,pto_rejections,10/7/5,7.33,5,10,0.1467,drawn
payroll,50,3,tight_pto,3/3/2,2.67,2,3,0.0533,drawn
payroll,100,3,bonus_awards,4/7/7,6.00,4,7,0.0600,drawn
payroll,100,3,bonus_revokes,1/1/1,1.00,1,1,0.0100,scheduled
payroll,100,3,corrections,21/16/15,17.33,15,21,0.1733,drawn
payroll,100,3,flagged,4/2/4,3.33,2,4,0.0333,drawn
payroll,100,3,near_45,4/10/7,7.00,4,10,0.0700,drawn
payroll,100,3,pto_rejections,12/8/11,10.33,8,12,0.1033,drawn
payroll,100,3,tight_pto,8/4/9,7.00,4,9,0.0700,drawn
payroll,200,3,bonus_awards,10/13/13,12.00,10,13,0.0600,drawn
payroll,200,3,bonus_revokes,1/1/1,1.00,1,1,0.0050,scheduled
payroll,200,3,corrections,32/37/27,32.00,27,37,0.1600,drawn
payroll,200,3,flagged,11/10/9,10.00,9,11,0.0500,drawn
payroll,200,3,near_45,13/16/16,15.00,13,16,0.0750,drawn
payroll,200,3,pto_rejections,45/32/32,36.33,32,45,0.1817,drawn
payroll,200,3,tight_pto,24/16/18,19.33,16,24,0.0967,drawn
payroll,400,3,bonus_awards,20/22/24,22.00,20,24,0.0550,drawn
payroll,400,3,bonus_revokes,3/3/3,3.00,3,3,0.0075,scheduled
payroll,400,3,corrections,80/68/67,71.67,67,80,0.1792,drawn
payroll,400,3,flagged,19/18/15,17.33,15,19,0.0433,drawn
payroll,400,3,near_45,25/31/29,28.33,25,31,0.0708,drawn
payroll,400,3,pto_rejections,66/74/51,63.67,51,74,0.1592,drawn
payroll,400,3,tight_pto,43/40/33,38.67,33,43,0.0967,drawn
gateway,50,3,denies,14/20/15,16.33,14,20,0.3267,drawn
gateway,50,3,post_throttle_allows,3/6/4,4.33,3,6,0.0867,drawn
gateway,50,3,throttled_keys,3/3/3,3.00,3,3,0.0600,scheduled
gateway,50,3,tight_margins,23/22/20,21.67,20,23,0.4333,drawn
gateway,100,3,denies,35/25/27,29.00,25,35,0.2900,drawn
gateway,100,3,post_throttle_allows,17/17/7,13.67,7,17,0.1367,drawn
gateway,100,3,throttled_keys,6/4/3,4.33,3,6,0.0433,drawn
gateway,100,3,tight_margins,46/30/43,39.67,30,46,0.3967,drawn
gateway,200,3,denies,54/36/51,47.00,36,54,0.2350,drawn
gateway,200,3,post_throttle_allows,39/21/37,32.33,21,39,0.1617,drawn
gateway,200,3,throttled_keys,9/6/9,8.00,6,9,0.0400,drawn
gateway,200,3,tight_margins,74/69/78,73.67,69,78,0.3683,drawn
gateway,400,3,denies,74/86/85,81.67,74,86,0.2042,drawn
gateway,400,3,post_throttle_allows,49/62/66,59.00,49,66,0.1475,drawn
gateway,400,3,throttled_keys,9/16/14,13.00,9,16,0.0325,drawn
gateway,400,3,tight_margins,156/171/140,155.67,140,171,0.3892,drawn
