run,family,L,rows,rows_without_usage,input_tokens,output_tokens,list_cost_usd,list_cost_per_attempt_usd
nano-calib-newfam-20260718/gateway,gateway,25,60,0,82080,1030958,1.3051,0.0218
nano-calib-newfam-20260718/gateway,gateway,50,60,0,121080,1562121,1.9769,0.0329
nano-calib-newfam-20260718/gateway,gateway,100,60,0,199080,2313229,2.9314,0.0489
nano-calib-newfam-20260718/gateway,gateway,all,180,0,402240,4906308,6.2133,0.0345
nano-calib-newfam-20260718/payroll,payroll,25,60,0,110740,1213520,1.5390,0.0257
nano-calib-newfam-20260718/payroll,payroll,50,60,0,164380,1922179,2.4356,0.0406
nano-calib-newfam-20260718/payroll,payroll,100,60,2,264452,2655233,3.3719,0.0581
nano-calib-newfam-20260718/payroll,payroll,all,180,2,539572,5790932,7.3466,0.0413
nano-passk-20260708,dropzero,25,60,0,100160,1077958,1.3675,0.0228
nano-passk-20260708,dropzero,50,60,0,283606,1877853,2.4040,0.0401
nano-passk-20260708,dropzero,100,60,0,882456,2767110,3.6354,0.0606
nano-passk-20260708,dropzero,all,180,0,1266222,5722921,7.4069,0.0411
nano-passk-20260708,meter,25,60,0,94160,1206383,1.5268,0.0254
nano-passk-20260708,meter,50,60,0,175707,1860324,2.3605,0.0393
nano-passk-20260708,meter,100,60,0,290370,3089697,3.9202,0.0653
nano-passk-20260708,meter,all,180,0,560237,6156404,7.8076,0.0434
TOTAL,founding (meter+dropzero),all,360,0,,,15.2144,0.0423
TOTAL,four families,all,720,2,,,28.7744,0.0400
