family,length,k,pass_all_k_observed,pass_all_k_iid_null,instances,counts,attempts
meter,25,1,0.8,0.8,3,15/16/17,20/20/20
meter,25,2,0.6333,0.64,3,15/16/17,20/20/20
meter,25,3,0.4956,0.512,3,15/16/17,20/20/20
meter,25,4,0.3829,0.4096,3,15/16/17,20/20/20
meter,25,5,0.2915,0.3277,3,15/16/17,20/20/20
meter,25,6,0.2183,0.2621,3,15/16/17,20/20/20
meter,25,7,0.1605,0.2097,3,15/16/17,20/20/20
meter,25,8,0.1154,0.1678,3,15/16/17,20/20/20
meter,25,9,0.0809,0.1342,3,15/16/17,20/20/20
meter,25,10,0.055,0.1074,3,15/16/17,20/20/20
meter,25,11,0.0359,0.0859,3,15/16/17,20/20/20
meter,25,12,0.0224,0.0687,3,15/16/17,20/20/20
meter,25,13,0.0131,0.055,3,15/16/17,20/20/20
meter,25,14,0.007,0.044,3,15/16/17,20/20/20
meter,25,15,0.0033,0.0352,3,15/16/17,20/20/20
meter,25,16,0.0012,0.0281,3,15/16/17,20/20/20
meter,25,17,0.0003,0.0225,3,15/16/17,20/20/20
meter,25,18,0.0,0.018,3,15/16/17,20/20/20
meter,25,19,0.0,0.0144,3,15/16/17,20/20/20
meter,25,20,0.0,0.0115,3,15/16/17,20/20/20
meter,50,1,0.8167,0.8167,3,15/15/19,20/20/20
meter,50,2,0.6684,0.6669,3,15/15/19,20/20/20
meter,50,3,0.5494,0.5447,3,15/15/19,20/20/20
meter,50,4,0.4545,0.4448,3,15/15/19,20/20/20
meter,50,5,0.3791,0.3633,3,15/15/19,20/20/20
meter,50,6,0.3194,0.2967,3,15/15/19,20/20/20
meter,50,7,0.272,0.2423,3,15/15/19,20/20/20
meter,50,8,0.2341,0.1979,3,15/15/19,20/20/20
meter,50,9,0.2032,0.1616,3,15/15/19,20/20/20
meter,50,10,0.1775,0.132,3,15/15/19,20/20/20
meter,50,11,0.1554,0.1078,3,15/15/19,20/20/20
meter,50,12,0.1357,0.088,3,15/15/19,20/20/20
meter,50,13,0.1176,0.0719,3,15/15/19,20/20/20
meter,50,14,0.1003,0.0587,3,15/15/19,20/20/20
meter,50,15,0.0834,0.0479,3,15/15/19,20/20/20
meter,50,16,0.0667,0.0391,3,15/15/19,20/20/20
meter,50,17,0.05,0.032,3,15/15/19,20/20/20
meter,50,18,0.0333,0.0261,3,15/15/19,20/20/20
meter,50,19,0.0167,0.0213,3,15/15/19,20/20/20
meter,50,20,0.0,0.0174,3,15/15/19,20/20/20
meter,100,1,0.7833,0.7833,3,15/15/17,20/20/20
meter,100,2,0.607,0.6136,3,15/15/17,20/20/20
meter,100,3,0.4649,0.4807,3,15/15/17,20/20/20
meter,100,4,0.3516,0.3765,3,15/15/17,20/20/20
meter,100,5,0.2622,0.2949,3,15/15/17,20/20/20
meter,100,6,0.1925,0.231,3,15/15/17,20/20/20
meter,100,7,0.139,0.181,3,15/15/17,20/20/20
meter,100,8,0.0984,0.1418,3,15/15/17,20/20/20
meter,100,9,0.0681,0.1111,3,15/15/17,20/20/20
meter,100,10,0.0459,0.087,3,15/15/17,20/20/20
meter,100,11,0.03,0.0681,3,15/15/17,20/20/20
meter,100,12,0.0188,0.0534,3,15/15/17,20/20/20
meter,100,13,0.0111,0.0418,3,15/15/17,20/20/20
meter,100,14,0.0061,0.0328,3,15/15/17,20/20/20
meter,100,15,0.003,0.0257,3,15/15/17,20/20/20
meter,100,16,0.0012,0.0201,3,15/15/17,20/20/20
meter,100,17,0.0003,0.0157,3,15/15/17,20/20/20
meter,100,18,0.0,0.0123,3,15/15/17,20/20/20
meter,100,19,0.0,0.0097,3,15/15/17,20/20/20
meter,100,20,0.0,0.0076,3,15/15/17,20/20/20
dropzero,25,1,0.8333,0.8333,3,11/19/20,20/20/20
dropzero,25,2,0.7298,0.6944,3,11/19/20,20/20/20
dropzero,25,3,0.6649,0.5787,3,11/19/20,20/20/20
dropzero,25,4,0.6227,0.4823,3,11/19/20,20/20/20
dropzero,25,5,0.5933,0.4019,3,11/19/20,20/20/20
dropzero,25,6,0.5706,0.3349,3,11/19/20,20/20/20
dropzero,25,7,0.5514,0.2791,3,11/19/20,20/20/20
dropzero,25,8,0.5338,0.2326,3,11/19/20,20/20/20
dropzero,25,9,0.5168,0.1938,3,11/19/20,20/20/20
dropzero,25,10,0.5,0.1615,3,11/19/20,20/20/20
dropzero,25,11,0.4833,0.1346,3,11/19/20,20/20/20
dropzero,25,12,0.4667,0.1122,3,11/19/20,20/20/20
dropzero,25,13,0.45,0.0935,3,11/19/20,20/20/20
dropzero,25,14,0.4333,0.0779,3,11/19/20,20/20/20
dropzero,25,15,0.4167,0.0649,3,11/19/20,20/20/20
dropzero,25,16,0.4,0.0541,3,11/19/20,20/20/20
dropzero,25,17,0.3833,0.0451,3,11/19/20,20/20/20
dropzero,25,18,0.3667,0.0376,3,11/19/20,20/20/20
dropzero,25,19,0.35,0.0313,3,11/19/20,20/20/20
dropzero,25,20,0.3333,0.0261,3,11/19/20,20/20/20
dropzero,50,1,0.6667,0.6667,3,4/17/19,20/20/20
dropzero,50,2,0.5491,0.4444,3,4/17/19,20/20/20
dropzero,50,3,0.4833,0.2963,3,4/17/19,20/20/20
dropzero,50,4,0.4305,0.1975,3,4/17/19,20/20/20
dropzero,50,5,0.383,0.1317,3,4/17/19,20/20/20
dropzero,50,6,0.3398,0.0878,3,4/17/19,20/20/20
dropzero,50,7,0.3003,0.0585,3,4/17/19,20/20/20
dropzero,50,8,0.2643,0.039,3,4/17/19,20/20/20
dropzero,50,9,0.2316,0.026,3,4/17/19,20/20/20
dropzero,50,10,0.2018,0.0173,3,4/17/19,20/20/20
dropzero,50,11,0.1746,0.0116,3,4/17/19,20/20/20
dropzero,50,12,0.1497,0.0077,3,4/17/19,20/20/20
dropzero,50,13,0.1269,0.0051,3,4/17/19,20/20/20
dropzero,50,14,0.1058,0.0034,3,4/17/19,20/20/20
dropzero,50,15,0.0863,0.0023,3,4/17/19,20/20/20
dropzero,50,16,0.0678,0.0015,3,4/17/19,20/20/20
dropzero,50,17,0.0503,0.001,3,4/17/19,20/20/20
dropzero,50,18,0.0333,0.0007,3,4/17/19,20/20/20
dropzero,50,19,0.0167,0.0005,3,4/17/19,20/20/20
dropzero,50,20,0.0,0.0003,3,4/17/19,20/20/20
dropzero,100,1,0.8167,0.8167,3,16/16/17,20/20/20
dropzero,100,2,0.6596,0.6669,3,16/16/17,20/20/20
dropzero,100,3,0.5263,0.5447,3,16/16/17,20/20/20
dropzero,100,4,0.4142,0.4448,3,16/16/17,20/20/20
dropzero,100,5,0.3209,0.3633,3,16/16/17,20/20/20
dropzero,100,6,0.2442,0.2967,3,16/16/17,20/20/20
dropzero,100,7,0.182,0.2423,3,16/16/17,20/20/20
dropzero,100,8,0.1324,0.1979,3,16/16/17,20/20/20
dropzero,100,9,0.0937,0.1616,3,16/16/17,20/20/20
dropzero,100,10,0.064,0.132,3,16/16/17,20/20/20
dropzero,100,11,0.0419,0.1078,3,16/16/17,20/20/20
dropzero,100,12,0.026,0.088,3,16/16/17,20/20/20
dropzero,100,13,0.015,0.0719,3,16/16/17,20/20/20
dropzero,100,14,0.0079,0.0587,3,16/16/17,20/20/20
dropzero,100,15,0.0036,0.0479,3,16/16/17,20/20/20
dropzero,100,16,0.0013,0.0391,3,16/16/17,20/20/20
dropzero,100,17,0.0003,0.032,3,16/16/17,20/20/20
dropzero,100,18,0.0,0.0261,3,16/16/17,20/20/20
dropzero,100,19,0.0,0.0213,3,16/16/17,20/20/20
dropzero,100,20,0.0,0.0174,3,16/16/17,20/20/20
payroll,25,1,1.0,1.0,3,20/20/20,20/20/20
payroll,25,2,1.0,1.0,3,20/20/20,20/20/20
payroll,25,3,1.0,1.0,3,20/20/20,20/20/20
payroll,25,4,1.0,1.0,3,20/20/20,20/20/20
payroll,25,5,1.0,1.0,3,20/20/20,20/20/20
payroll,25,6,1.0,1.0,3,20/20/20,20/20/20
payroll,25,7,1.0,1.0,3,20/20/20,20/20/20
payroll,25,8,1.0,1.0,3,20/20/20,20/20/20
payroll,25,9,1.0,1.0,3,20/20/20,20/20/20
payroll,25,10,1.0,1.0,3,20/20/20,20/20/20
payroll,25,11,1.0,1.0,3,20/20/20,20/20/20
payroll,25,12,1.0,1.0,3,20/20/20,20/20/20
payroll,25,13,1.0,1.0,3,20/20/20,20/20/20
payroll,25,14,1.0,1.0,3,20/20/20,20/20/20
payroll,25,15,1.0,1.0,3,20/20/20,20/20/20
payroll,25,16,1.0,1.0,3,20/20/20,20/20/20
payroll,25,17,1.0,1.0,3,20/20/20,20/20/20
payroll,25,18,1.0,1.0,3,20/20/20,20/20/20
payroll,25,19,1.0,1.0,3,20/20/20,20/20/20
payroll,25,20,1.0,1.0,3,20/20/20,20/20/20
payroll,50,1,0.9667,0.9667,3,19/19/20,20/20/20
payroll,50,2,0.9333,0.9344,3,19/19/20,20/20/20
payroll,50,3,0.9,0.9033,3,19/19/20,20/20/20
payroll,50,4,0.8667,0.8732,3,19/19/20,20/20/20
payroll,50,5,0.8333,0.8441,3,19/19/20,20/20/20
payroll,50,6,0.8,0.8159,3,19/19/20,20/20/20
payroll,50,7,0.7667,0.7887,3,19/19/20,20/20/20
payroll,50,8,0.7333,0.7625,3,19/19/20,20/20/20
payroll,50,9,0.7,0.737,3,19/19/20,20/20/20
payroll,50,10,0.6667,0.7125,3,19/19/20,20/20/20
payroll,50,11,0.6333,0.6887,3,19/19/20,20/20/20
payroll,50,12,0.6,0.6658,3,19/19/20,20/20/20
payroll,50,13,0.5667,0.6436,3,19/19/20,20/20/20
payroll,50,14,0.5333,0.6221,3,19/19/20,20/20/20
payroll,50,15,0.5,0.6014,3,19/19/20,20/20/20
payroll,50,16,0.4667,0.5813,3,19/19/20,20/20/20
payroll,50,17,0.4333,0.562,3,19/19/20,20/20/20
payroll,50,18,0.4,0.5432,3,19/19/20,20/20/20
payroll,50,19,0.3667,0.5251,3,19/19/20,20/20/20
payroll,50,20,0.3333,0.5076,3,19/19/20,20/20/20
payroll,100,1,0.7956,0.7931,3,13/16/17,20/19/19
payroll,100,2,0.6359,0.629,3,13/16/17,20/19/19
payroll,100,3,0.5102,0.4989,3,13/16/17,20/19/19
payroll,100,4,0.4104,0.3957,3,13/16/17,20/19/19
payroll,100,5,0.3303,0.3138,3,13/16/17,20/19/19
payroll,100,6,0.2652,0.2489,3,13/16/17,20/19/19
payroll,100,7,0.2117,0.1974,3,13/16/17,20/19/19
payroll,100,8,0.1674,0.1565,3,13/16/17,20/19/19
payroll,100,9,0.1304,0.1242,3,13/16/17,20/19/19
payroll,100,10,0.0996,0.0985,3,13/16/17,20/19/19
payroll,100,11,0.074,0.0781,3,13/16/17,20/19/19
payroll,100,12,0.053,0.0619,3,13/16/17,20/19/19
payroll,100,13,0.0361,0.0491,3,13/16/17,20/19/19
payroll,100,14,0.0229,0.039,3,13/16/17,20/19/19
payroll,100,15,0.0131,0.0309,3,13/16/17,20/19/19
payroll,100,16,0.0062,0.0245,3,13/16/17,20/19/19
payroll,100,17,0.0019,0.0194,3,13/16/17,20/19/19
payroll,100,18,0.0,0.0154,3,13/16/17,20/19/19
payroll,100,19,0.0,0.0122,3,13/16/17,20/19/19
payroll,100,20,0.0,0.0097,3,13/16/17,20/19/19
gateway,25,1,1.0,1.0,3,20/20/20,20/20/20
gateway,25,2,1.0,1.0,3,20/20/20,20/20/20
gateway,25,3,1.0,1.0,3,20/20/20,20/20/20
gateway,25,4,1.0,1.0,3,20/20/20,20/20/20
gateway,25,5,1.0,1.0,3,20/20/20,20/20/20
gateway,25,6,1.0,1.0,3,20/20/20,20/20/20
gateway,25,7,1.0,1.0,3,20/20/20,20/20/20
gateway,25,8,1.0,1.0,3,20/20/20,20/20/20
gateway,25,9,1.0,1.0,3,20/20/20,20/20/20
gateway,25,10,1.0,1.0,3,20/20/20,20/20/20
gateway,25,11,1.0,1.0,3,20/20/20,20/20/20
gateway,25,12,1.0,1.0,3,20/20/20,20/20/20
gateway,25,13,1.0,1.0,3,20/20/20,20/20/20
gateway,25,14,1.0,1.0,3,20/20/20,20/20/20
gateway,25,15,1.0,1.0,3,20/20/20,20/20/20
gateway,25,16,1.0,1.0,3,20/20/20,20/20/20
gateway,25,17,1.0,1.0,3,20/20/20,20/20/20
gateway,25,18,1.0,1.0,3,20/20/20,20/20/20
gateway,25,19,1.0,1.0,3,20/20/20,20/20/20
gateway,25,20,1.0,1.0,3,20/20/20,20/20/20
gateway,50,1,0.9833,0.9833,3,19/20/20,20/20/20
gateway,50,2,0.9667,0.9669,3,19/20/20,20/20/20
gateway,50,3,0.95,0.9508,3,19/20/20,20/20/20
gateway,50,4,0.9333,0.935,3,19/20/20,20/20/20
gateway,50,5,0.9167,0.9194,3,19/20/20,20/20/20
gateway,50,6,0.9,0.9041,3,19/20/20,20/20/20
gateway,50,7,0.8833,0.889,3,19/20/20,20/20/20
gateway,50,8,0.8667,0.8742,3,19/20/20,20/20/20
gateway,50,9,0.85,0.8596,3,19/20/20,20/20/20
gateway,50,10,0.8333,0.8453,3,19/20/20,20/20/20
gateway,50,11,0.8167,0.8312,3,19/20/20,20/20/20
gateway,50,12,0.8,0.8174,3,19/20/20,20/20/20
gateway,50,13,0.7833,0.8037,3,19/20/20,20/20/20
gateway,50,14,0.7667,0.7903,3,19/20/20,20/20/20
gateway,50,15,0.75,0.7772,3,19/20/20,20/20/20
gateway,50,16,0.7333,0.7642,3,19/20/20,20/20/20
gateway,50,17,0.7167,0.7515,3,19/20/20,20/20/20
gateway,50,18,0.7,0.7389,3,19/20/20,20/20/20
gateway,50,19,0.6833,0.7266,3,19/20/20,20/20/20
gateway,50,20,0.6667,0.7145,3,19/20/20,20/20/20
gateway,100,1,0.9333,0.9333,3,17/19/20,20/20/20
gateway,100,2,0.8719,0.8711,3,17/19/20,20/20/20
gateway,100,3,0.8155,0.813,3,17/19/20,20/20/20
gateway,100,4,0.7637,0.7588,3,17/19/20,20/20/20
gateway,100,5,0.7164,0.7082,3,17/19/20,20/20/20
gateway,100,6,0.6731,0.661,3,17/19/20,20/20/20
gateway,100,7,0.6336,0.617,3,17/19/20,20/20/20
gateway,100,8,0.5977,0.5758,3,17/19/20,20/20/20
gateway,100,9,0.5649,0.5374,3,17/19/20,20/20/20
gateway,100,10,0.5351,0.5016,3,17/19/20,20/20/20
gateway,100,11,0.5079,0.4682,3,17/19/20,20/20/20
gateway,100,12,0.483,0.437,3,17/19/20,20/20/20
gateway,100,13,0.4602,0.4078,3,17/19/20,20/20/20
gateway,100,14,0.4392,0.3806,3,17/19/20,20/20/20
gateway,100,15,0.4196,0.3553,3,17/19/20,20/20/20
gateway,100,16,0.4012,0.3316,3,17/19/20,20/20/20
gateway,100,17,0.3836,0.3095,3,17/19/20,20/20/20
gateway,100,18,0.3667,0.2888,3,17/19/20,20/20/20
gateway,100,19,0.35,0.2696,3,17/19/20,20/20/20
gateway,100,20,0.3333,0.2516,3,17/19/20,20/20/20
